<?xml version="1.0" encoding="UTF-8"?>
<GenRun Id="impl_1" LaunchPart="xc7z020clg400-1" LaunchTime="1603171671">
  <File Type="BITSTR-BMM" Name="pwmip_v1_0_bd.bmm"/>
  <File Type="OPT-METHODOLOGY-DRC" Name="pwmip_v1_0_methodology_drc_opted.rpt"/>
  <File Type="INIT-TIMING" Name="pwmip_v1_0_timing_summary_init.rpt"/>
  <File Type="ROUTE-PWR" Name="pwmip_v1_0_power_routed.rpt"/>
  <File Type="PA-TCL" Name="pwmip_v1_0.tcl"/>
  <File Type="OPT-TIMING" Name="pwmip_v1_0_timing_summary_opted.rpt"/>
  <File Type="OPT-DCP" Name="pwmip_v1_0_opt.dcp"/>
  <File Type="ROUTE-PWR-SUM" Name="pwmip_v1_0_power_summary_routed.pb"/>
  <File Type="REPORTS-TCL" Name="pwmip_v1_0_reports.tcl"/>
  <File Type="OPT-DRC" Name="pwmip_v1_0_drc_opted.rpt"/>
  <File Type="OPT-HWDEF" Name="pwmip_v1_0.hwdef"/>
  <File Type="PWROPT-DCP" Name="pwmip_v1_0_pwropt.dcp"/>
  <File Type="PWROPT-DRC" Name="pwmip_v1_0_drc_pwropted.rpt"/>
  <File Type="PWROPT-TIMING" Name="pwmip_v1_0_timing_summary_pwropted.rpt"/>
  <File Type="PLACE-DCP" Name="pwmip_v1_0_placed.dcp"/>
  <File Type="PLACE-IO" Name="pwmip_v1_0_io_placed.rpt"/>
  <File Type="PLACE-CLK" Name="pwmip_v1_0_clock_utilization_placed.rpt"/>
  <File Type="PLACE-UTIL" Name="pwmip_v1_0_utilization_placed.rpt"/>
  <File Type="PLACE-UTIL-PB" Name="pwmip_v1_0_utilization_placed.pb"/>
  <File Type="PLACE-CTRL" Name="pwmip_v1_0_control_sets_placed.rpt"/>
  <File Type="PLACE-SIMILARITY" Name="pwmip_v1_0_incremental_reuse_placed.rpt"/>
  <File Type="PLACE-PRE-SIMILARITY" Name="pwmip_v1_0_incremental_reuse_pre_placed.rpt"/>
  <File Type="BG-BGN" Name="pwmip_v1_0.bgn"/>
  <File Type="PLACE-TIMING" Name="pwmip_v1_0_timing_summary_placed.rpt"/>
  <File Type="POSTPLACE-PWROPT-DCP" Name="pwmip_v1_0_postplace_pwropt.dcp"/>
  <File Type="BG-BIN" Name="pwmip_v1_0.bin"/>
  <File Type="POSTPLACE-PWROPT-TIMING" Name="pwmip_v1_0_timing_summary_postplace_pwropted.rpt"/>
  <File Type="PHYSOPT-DCP" Name="pwmip_v1_0_physopt.dcp"/>
  <File Type="PHYSOPT-DRC" Name="pwmip_v1_0_drc_physopted.rpt"/>
  <File Type="BITSTR-MSK" Name="pwmip_v1_0.msk"/>
  <File Type="PHYSOPT-TIMING" Name="pwmip_v1_0_timing_summary_physopted.rpt"/>
  <File Type="ROUTE-ERROR-DCP" Name="pwmip_v1_0_routed_error.dcp"/>
  <File Type="ROUTE-DCP" Name="pwmip_v1_0_routed.dcp"/>
  <File Type="ROUTE-BLACKBOX-DCP" Name="pwmip_v1_0_routed_bb.dcp"/>
  <File Type="ROUTE-DRC" Name="pwmip_v1_0_drc_routed.rpt"/>
  <File Type="ROUTE-DRC-PB" Name="pwmip_v1_0_drc_routed.pb"/>
  <File Type="BITSTR-LTX" Name="debug_nets.ltx"/>
  <File Type="BITSTR-LTX" Name="pwmip_v1_0.ltx"/>
  <File Type="ROUTE-DRC-RPX" Name="pwmip_v1_0_drc_routed.rpx"/>
  <File Type="BITSTR-MMI" Name="pwmip_v1_0.mmi"/>
  <File Type="ROUTE-METHODOLOGY-DRC" Name="pwmip_v1_0_methodology_drc_routed.rpt"/>
  <File Type="ROUTE-METHODOLOGY-DRC-RPX" Name="pwmip_v1_0_methodology_drc_routed.rpx"/>
  <File Type="BITSTR-SYSDEF" Name="pwmip_v1_0.sysdef"/>
  <File Type="ROUTE-METHODOLOGY-DRC-PB" Name="pwmip_v1_0_methodology_drc_routed.pb"/>
  <File Type="ROUTE-PWR-RPX" Name="pwmip_v1_0_power_routed.rpx"/>
  <File Type="ROUTE-STATUS" Name="pwmip_v1_0_route_status.rpt"/>
  <File Type="ROUTE-STATUS-PB" Name="pwmip_v1_0_route_status.pb"/>
  <File Type="ROUTE-TIMINGSUMMARY" Name="pwmip_v1_0_timing_summary_routed.rpt"/>
  <File Type="ROUTE-TIMING-PB" Name="pwmip_v1_0_timing_summary_routed.pb"/>
  <File Type="ROUTE-TIMING-RPX" Name="pwmip_v1_0_timing_summary_routed.rpx"/>
  <File Type="ROUTE-SIMILARITY" Name="pwmip_v1_0_incremental_reuse_routed.rpt"/>
  <File Type="ROUTE-CLK" Name="pwmip_v1_0_clock_utilization_routed.rpt"/>
  <File Type="ROUTE-BUS-SKEW" Name="pwmip_v1_0_bus_skew_routed.rpt"/>
  <File Type="ROUTE-BUS-SKEW-PB" Name="pwmip_v1_0_bus_skew_routed.pb"/>
  <File Type="ROUTE-BUS-SKEW-RPX" Name="pwmip_v1_0_bus_skew_routed.rpx"/>
  <File Type="POSTROUTE-PHYSOPT-DCP" Name="pwmip_v1_0_postroute_physopt.dcp"/>
  <File Type="POSTROUTE-PHYSOPT-BLACKBOX-DCP" Name="pwmip_v1_0_postroute_physopt_bb.dcp"/>
  <File Type="POSTROUTE-PHYSOPT-TIMING" Name="pwmip_v1_0_timing_summary_postroute_physopted.rpt"/>
  <File Type="POSTROUTE-PHYSOPT-TIMING-PB" Name="pwmip_v1_0_timing_summary_postroute_physopted.pb"/>
  <File Type="POSTROUTE-PHYSOPT-TIMING-RPX" Name="pwmip_v1_0_timing_summary_postroute_physopted.rpx"/>
  <File Type="POSTROUTE-PHYSOPT-BUS-SKEW" Name="pwmip_v1_0_bus_skew_postroute_physopted.rpt"/>
  <File Type="POSTROUTE-PHYSOPT-BUS-SKEW-PB" Name="pwmip_v1_0_bus_skew_postroute_physopted.pb"/>
  <File Type="BG-BIT" Name="pwmip_v1_0.bit"/>
  <File Type="POSTROUTE-PHYSOPT-BUS-SKEW-RPX" Name="pwmip_v1_0_bus_skew_postroute_physopted.rpx"/>
  <File Type="BITSTR-RBT" Name="pwmip_v1_0.rbt"/>
  <File Type="BITSTR-NKY" Name="pwmip_v1_0.nky"/>
  <File Type="BG-DRC" Name="pwmip_v1_0.drc"/>
  <File Type="RDI-RDI" Name="pwmip_v1_0.vdi"/>
  <File Type="WBT-USG" Name="usage_statistics_webtalk.html"/>
  <FileSet Name="sources" Type="DesignSrcs" RelSrcDir="$PSRCDIR/sources_1">
    <Filter Type="Srcs"/>
    <File Path="$PPRDIR/pwmip_1.0/src/pwm.v">
      <FileInfo>
        <Attr Name="UsedIn" Val="synthesis"/>
        <Attr Name="UsedIn" Val="implementation"/>
        <Attr Name="UsedIn" Val="simulation"/>
      </FileInfo>
    </File>
    <File Path="$PPRDIR/pwmip_1.0/hdl/pwmip_v1_0_S00_AXI.v">
      <FileInfo>
        <Attr Name="Library" Val=""/>
        <Attr Name="UsedIn" Val="synthesis"/>
        <Attr Name="UsedIn" Val="implementation"/>
        <Attr Name="UsedIn" Val="simulation"/>
      </FileInfo>
    </File>
    <File Path="$PPRDIR/pwmip_1.0/hdl/pwmip_v1_0.v">
      <FileInfo>
        <Attr Name="Library" Val=""/>
        <Attr Name="UsedIn" Val="synthesis"/>
        <Attr Name="UsedIn" Val="implementation"/>
        <Attr Name="UsedIn" Val="simulation"/>
      </FileInfo>
    </File>
    <File Path="$PPRDIR/pwmip_1.0/component.xml">
      <FileInfo SFType="IPXACT"/>
    </File>
    <Config>
      <Option Name="DesignMode" Val="RTL"/>
      <Option Name="TopModule" Val="pwmip_v1_0"/>
      <Option Name="TopRTLFile" Val="$PPRDIR/pwmip_1.0/hdl/pwmip_v1_0.v"/>
    </Config>
  </FileSet>
  <FileSet Name="constrs_in" Type="Constrs" RelSrcDir="$PSRCDIR/constrs_1">
    <Filter Type="Constrs"/>
    <Config>
      <Option Name="ConstrsType" Val="XDC"/>
    </Config>
  </FileSet>
  <FileSet Name="utils" Type="Utils" RelSrcDir="$PSRCDIR/utils_1">
    <Filter Type="Utils"/>
    <Config>
      <Option Name="TopAutoSet" Val="TRUE"/>
    </Config>
  </FileSet>
  <Strategy Version="1" Minor="2">
    <StratHandle Name="Vivado Implementation Defaults" Flow="Vivado Implementation 2019"/>
    <Step Id="init_design"/>
    <Step Id="opt_design"/>
    <Step Id="power_opt_design"/>
    <Step Id="place_design"/>
    <Step Id="post_place_power_opt_design"/>
    <Step Id="phys_opt_design"/>
    <Step Id="route_design"/>
    <Step Id="post_route_phys_opt_design"/>
    <Step Id="write_bitstream"/>
  </Strategy>
</GenRun>
